{"cameraMode":{"drawMode":0,"name":"Shaded","section":"Shading Mode"},"sceneLighting":false,"audioPlay":false,"sceneViewState":{"m_AlwaysRefresh":false,"showFog":true,"showSkybox":false,"showFlares":true,"showImageEffects":true,"showParticleSystems":true,"showVisualEffectGraphs":true,"m_FxEnabled":false},"in2DMode":false,"pivot":{"x":161.92774963378907,"y":147.14463806152345,"z":172.92945861816407},"rotation":{"x":0.08064745366573334,"y":0.2048271894454956,"z":-0.016936691477894784,"w":0.975327730178833},"size":0.06927037239074707,"orthographic":false}