{"cameraMode":{"drawMode":0,"name":"Shaded","section":"Shading Mode"},"sceneLighting":true,"audioPlay":false,"sceneViewState":{"m_AlwaysRefresh":false,"showFog":true,"showSkybox":true,"showFlares":true,"showImageEffects":true,"showParticleSystems":true,"showVisualEffectGraphs":true,"m_FxEnabled":false},"in2DMode":false,"pivot":{"x":8.999815940856934,"y":14.161087989807129,"z":5.627025604248047},"rotation":{"x":0.11464133858680725,"y":-0.008940567262470723,"z":0.0010317264823243023,"w":0.9933685660362244},"size":94.89863586425781,"orthographic":false}