{"cameraMode":{"drawMode":0,"name":"Shaded","section":"Shading Mode"},"sceneLighting":true,"audioPlay":false,"sceneViewState":{"m_AlwaysRefresh":false,"showFog":true,"showSkybox":true,"showFlares":true,"showImageEffects":true,"showParticleSystems":true,"showVisualEffectGraphs":true,"m_FxEnabled":false},"in2DMode":false,"pivot":{"x":-26.269275665283204,"y":96.93917083740235,"z":-92.05335998535156},"rotation":{"x":0.11464133858680725,"y":-0.008940567262470723,"z":0.0010317264823243023,"w":0.9933685660362244},"size":139.936279296875,"orthographic":false}