{"cameraMode":{"drawMode":0,"name":"Shaded","section":"Shading Mode"},"sceneLighting":true,"audioPlay":false,"sceneViewState":{"m_AlwaysRefresh":false,"showFog":true,"showSkybox":true,"showFlares":true,"showImageEffects":true,"showParticleSystems":true,"showVisualEffectGraphs":true,"m_FxEnabled":false},"in2DMode":false,"pivot":{"x":14.301097869873047,"y":142.28506469726563,"z":-73.61986541748047},"rotation":{"x":0.486298143863678,"y":0.011795519851148129,"z":-0.00656535429880023,"w":0.8736889958381653},"size":26.805999755859376,"orthographic":false}