{"cameraMode":{"drawMode":0,"name":"Shaded","section":"Shading Mode"},"sceneLighting":true,"audioPlay":false,"sceneViewState":{"m_AlwaysRefresh":false,"showFog":true,"showSkybox":true,"showFlares":true,"showImageEffects":true,"showParticleSystems":true,"showVisualEffectGraphs":true,"m_FxEnabled":false},"in2DMode":false,"pivot":{"x":14.752137184143067,"y":-44.73137664794922,"z":182.06344604492188},"rotation":{"x":-0.16276498138904572,"y":-0.010945063084363938,"z":0.0018081080634146929,"w":-0.9866185188293457},"size":183.5034637451172,"orthographic":false}