{"cameraMode":{"drawMode":0,"name":"Shaded","section":"Shading Mode"},"sceneLighting":true,"audioPlay":false,"sceneViewState":{"m_AlwaysRefresh":false,"showFog":true,"showSkybox":false,"showFlares":true,"showImageEffects":true,"showParticleSystems":true,"showVisualEffectGraphs":true,"m_FxEnabled":false},"in2DMode":false,"pivot":{"x":-12.362255096435547,"y":25.22443389892578,"z":-2.6548080444335939},"rotation":{"x":0.11464133858680725,"y":-0.008940567262470723,"z":0.0010317264823243023,"w":0.9933685660362244},"size":12.12435531616211,"orthographic":false}