{"cameraMode":{"drawMode":0,"name":"Shaded","section":"Shading Mode"},"sceneLighting":false,"audioPlay":false,"sceneViewState":{"m_AlwaysRefresh":false,"showFog":true,"showSkybox":false,"showFlares":true,"showImageEffects":true,"showParticleSystems":true,"showVisualEffectGraphs":true,"m_FxEnabled":false},"in2DMode":false,"pivot":{"x":9.551220893859864,"y":-19.467655181884767,"z":7.013763427734375},"rotation":{"x":0.11464133858680725,"y":-0.008940567262470723,"z":0.0010317264823243023,"w":0.9933685660362244},"size":6.012436866760254,"orthographic":false}