{"cameraMode":{"drawMode":0,"name":"Shaded","section":"Shading Mode"},"sceneLighting":false,"audioPlay":false,"sceneViewState":{"m_AlwaysRefresh":false,"showFog":true,"showSkybox":false,"showFlares":true,"showImageEffects":true,"showParticleSystems":true,"showVisualEffectGraphs":true,"m_FxEnabled":false},"in2DMode":false,"pivot":{"x":-12.539999961853028,"y":93.98999786376953,"z":-75.7699966430664},"rotation":{"x":0.11464133858680725,"y":-0.008940567262470723,"z":0.0010317264823243023,"w":0.9933685660362244},"size":5.700015068054199,"orthographic":false}